{"mSaveBGM":0.178491563,"mSaveSFx":0.4790052}