{"mSaveBGM":0.20220083,"mSaveSFx":0.176041737}