{"mSaveBGM":0.251008928,"mSaveSFx":0.4790052}