{"mSaveBGM":0.481760979,"mSaveSFx":0.484276772}