{"mSaveBGM":0.14882341,"mSaveSFx":0.175535157}