{"mSaveBGM":0.100030288,"mSaveSFx":0.132956222}