{"mSaveBGM":0.123302646,"mSaveSFx":0.144874543}