{"mSaveBGM":0.4185001,"mSaveSFx":0.8677869}