{"mSaveBGM":0.117703192,"mSaveSFx":0.132956222}