{"mSaveBGM":0.0390621535,"mSaveSFx":0.0976550952}